{"status": 2, "objetivo": 900952.9150210082, "produccion_optima": {"MT": 90.0, "CT": 50.0, "MHT": 40.0, "HT": 0.0, "TE": 0.0, "TT": 0.0, "FT": 0.0, "PT": 239.0651260504201, "BT": 0.0, "RT": 0.0, "TA": 0.0, "TiE": 0.0, "TiEE": 100.0, "FTi": 60.0, "MTi": 0.0, "FC": 0.0, "RC": 0.0, "TC": 0.0, "MM": 35.0, "CM": 70.0, "MHM": 0.0}}